access_id,person_id,system,role,enabled,snapshot_date,approval_id
AR001,E001,SourceHub,Developer,Yes,2026-09-01,AP001
AR002,E002,SourceHub,Developer,Yes,2026-09-01,AP002
AR003,E003,SourceHub,Developer,Yes,2026-09-01,AP003
AR004,E004,SourceHub,Administrator,Yes,2026-09-01,AP004
AR005,E005,SourceHub,Developer,Yes,2026-09-01,AP005
AR006,E006,SourceHub,Developer,Yes,2026-09-01,AP006
AR007,E007,SourceHub,Developer,Yes,2026-09-01,AP007
AR008,E008,SourceHub,Developer,Yes,2026-09-01,AP008
AR009,E009,SourceHub,Developer,Yes,2026-09-01,AP009
AR010,E010,SourceHub,Developer,Yes,2026-09-01,AP010
AR011,E011,CloudConsole,Administrator,Yes,2026-09-01,AP011
AR012,E012,CloudConsole,Operator,Yes,2026-09-01,AP012
AR013,E013,CloudConsole,Viewer,Yes,2026-09-01,AP013
AR014,E011,SourceHub,Developer,Yes,2026-09-01,AP014
AR015,E012,SourceHub,Developer,Yes,2026-09-01,AP015
AR016,E013,SourceHub,Developer,Yes,2026-09-01,AP016
AR017,E014,SupportDesk,Agent,Yes,2026-09-01,AP017
AR018,E015,SupportDesk,Agent,Yes,2026-09-01,AP018
AR019,E016,SupportDesk,Agent,Yes,2026-09-01,AP019
AR020,E017,SupportDesk,Agent,Yes,2026-09-01,AP020
AR021,E018,SupportDesk,Agent,Yes,2026-09-01,AP021
AR022,E019,SupportDesk,Agent,Yes,2026-09-01,AP022
AR023,E020,SupportDesk,Viewer,Yes,2026-09-01,AP023
AR024,E021,SupportDesk,Agent,Yes,2026-09-01,AP024
AR025,E022,SupportDesk,Viewer,Yes,2026-09-01,AP025
AR026,E025,SupportDesk,Viewer,Yes,2026-09-01,AP026
AR027,E026,SupportDesk,Agent,Yes,2026-09-01,AP027
